"category","value","label"
"url","https://5zfna.clt.in.net","public"
"url","https://dagster.io","public"
"domain","dagster.io","public"
"hash_sha256","6a7a8aa91109c25d57fe2ca71c150ca09afc1bf10c98376adf959dbc91010394","public"
"domain","5zfna.cloudhost.in.net","public"
"ip","77.90.42.187","public"
"hash_md5","48220a3a4c72317ae0fbb08e255b8350","public"
"hash_md5","4cba27111c5fca7a1ae78566de2df5b3","public"
"hash_md5","a7704fbccaeb78678a5f94714993567c","public"
"hash_md5","aa579d5f062f02d9ff76910560bb312c","public"
"hash_md5","f8c06e955718639ba9ffdd4265965593","public"
"domain","gnpnia.lat","public"
"domain","jnhwzs.fyi","public"
"url","https://stats.prebid.wurflcloud.com","public"
"hash_sha256","92ff08773995ebc8d55ec4b8e1a225d0d1e51efa4ef88b8849d0071230c9645a","public"
"hash_sha256","617b67a8e1210e4fc87c92d1d1da45a2f311c08d26e89b12307cf583c900d101","public"
"hash_sha256","fcb81618bb15edfdedfb638b4c08a2af9cac9ecfa551af135a8402bf980375cf","public"
"domain","sfrclak.com","public"
"ip","142.11.206.73","public"
"url","https://ijels.com","public"
"//# generated","2026-04-01","iocs.txt"












































